result_count,comp_country,comp_iso,person_country,person_iso
8603,Belgium,BE,Netherlands,NL
6483,Spain,ES,France,FR
5507,Switzerland,CH,Germany,DE
5274,Netherlands,NL,Germany,DE
5246,Belgium,BE,France,FR
5234,Germany,DE,France,FR
5229,Other European countries,SK,Hungary,HU
5137,Switzerland,CH,Other European countries,IT
5118,Germany,DE,Netherlands,NL
4744,Germany,DE,Switzerland,CH
4604,Other European countries,DK,Other European countries,SE
4541,France,FR,Germany,DE
4456,Belgium,BE,Germany,DE
4289,United Kingdom,GB,Other European countries,IE
4204,Other European countries,IE,United Kingdom,GB
4063,Netherlands,NL,Belgium,BE
4054,Spain,ES,Germany,DE
4012,Other European countries,SK,Czech Republic,CZ
3815,Other European countries,SE,Other European countries,DK
3742,Czech Republic,CZ,Hungary,HU
3666,Czech Republic,CZ,Poland,PL
3533,Czech Republic,CZ,Other European countries,SK
3438,Switzerland,CH,France,FR
3437,Other European countries,DK,Germany,DE
3376,Poland,PL,Other European countries,UA
3371,Other European countries,SE,Other European countries,NO
3308,Germany,DE,Other European countries,AT
3174,Other European countries,HR,Other European countries,SI
3135,France,FR,Belgium,BE
3078,Other European countries,BY,Other European countries,RU
2884,Spain,ES,Poland,PL
2882,Other European countries,AT,Hungary,HU
2852,Other European countries,DK,United Kingdom,GB
2760,Other European countries,SI,Other European countries,HR
2724,United Kingdom,GB,Germany,DE
2697,Other European countries,EE,Other European countries,LV
2656,France,FR,Switzerland,CH
2653,Other European countries,HR,Hungary,HU
2606,Other European countries,SI,Hungary,HU
2597,United Kingdom,GB,Poland,PL
2471,Poland,PL,Czech Republic,CZ
2439,Other European countries,NO,Other European countries,SE
2431,Other European countries,LT,Other European countries,LV
2363,France,FR,Spain,ES
2177,Germany,DE,Czech Republic,CZ
2176,Spain,ES,Netherlands,NL
2090,Spain,ES,United Kingdom,GB
2086,Czech Republic,CZ,Germany,DE
2013,Other European countries,RU,Other European countries,UA
1907,Other European countries,EE,Other European countries,FI
1839,Germany,DE,Other European countries,UA
1837,Other European countries,IT,France,FR
1830,Germany,DE,Hungary,HU
1810,Other European countries,AD,Spain,ES
1796,Spain,ES,Other European countries,IT
1747,Spain,ES,Other European countries,PT
1711,Other European countries,SK,Other European countries,AT
1624,Other European countries,LV,Other European countries,LT
1616,Other European countries,IT,Switzerland,CH
1615,Germany,DE,Poland,PL
1613,United Kingdom,GB,France,FR
1563,Other European countries,SI,Other European countries,AT
1560,Other European countries,IT,Other European countries,RO
1552,Spain,ES,Other European countries,UA
1528,Switzerland,CH,United Kingdom,GB
1510,Poland,PL,Hungary,HU
1507,Germany,DE,Other European countries,RU
1503,Other European countries,SE,Germany,DE
1490,Other European countries,RU,Other European countries,BY
1434,Hungary,HU,Other European countries,SI
1425,Other European countries,AT,Germany,DE
1417,Germany,DE,Belgium,BE
1362,Switzerland,CH,Other European countries,RU
1346,Other European countries,SE,United Kingdom,GB
1311,Czech Republic,CZ,Other European countries,AT
1305,Other European countries,UA,Other European countries,RU
1300,Other European countries,SM,Other European countries,IT
1277,Spain,ES,Other European countries,RU
1266,Other European countries,SE,Other European countries,FI
1260,Other European countries,DK,France,FR
1255,France,FR,Netherlands,NL
1253,France,FR,United Kingdom,GB
1243,Switzerland,CH,Other European countries,AT
1206,Germany,DE,Other European countries,IT
1184,Other European countries,SK,Poland,PL
1166,United Kingdom,GB,Netherlands,NL
1133,Other European countries,DK,Poland,PL
1115,Other European countries,IT,Other European countries,SI
1101,Netherlands,NL,France,FR
1072,Other European countries,PT,Spain,ES
1054,Other European countries,RO,Hungary,HU
1031,Other European countries,NO,Germany,DE
1016,United Kingdom,GB,Other European countries,SE
1002,Switzerland,CH,Other European countries,GR
1002,Other European countries,FI,Other European countries,EE
994,Other European countries,DK,Other European countries,NO
991,Other European countries,LV,Other European countries,EE
977,Other European countries,RS,Hungary,HU
972,France,FR,Other European countries,IT
970,United Kingdom,GB,Other European countries,IT
957,Other European countries,DK,Netherlands,NL
944,United Kingdom,GB,Spain,ES
885,Other European countries,NO,France,FR
865,Poland,PL,Germany,DE
858,Czech Republic,CZ,Other European countries,UA
839,Other European countries,DK,Other European countries,FI
828,Germany,DE,United Kingdom,GB
821,Spain,ES,Other European countries,SE
813,Netherlands,NL,Other European countries,RO
811,Other European countries,AT,Other European countries,SK
804,Other European countries,SE,Poland,PL
798,Other European countries,BA,Other European countries,SI
797,Other European countries,BA,Other European countries,RS
794,Other European countries,HR,Other European countries,RS
785,Other European countries,RO,Other European countries,BG
784,Hungary,HU,Other European countries,AT
778,Other European countries,IT,Hungary,HU
775,Other European countries,NO,Other European countries,DK
771,Spain,ES,Hungary,HU
765,Netherlands,NL,Other European countries,IT
761,Other European countries,NO,United Kingdom,GB
741,Other European countries,BG,Other European countries,RO
731,Other European countries,IT,Germany,DE
724,Hungary,HU,Poland,PL
722,United Kingdom,GB,Other European countries,UA
719,Belgium,BE,United Kingdom,GB
711,Spain,ES,Other European countries,DK
706,Spain,ES,Other European countries,NO
697,Poland,PL,Other European countries,SK
691,Other European countries,LT,Poland,PL
689,Hungary,HU,Other European countries,SK
687,Other European countries,FI,Other European countries,SE
685,Spain,ES,Other European countries,RO
677,Spain,ES,Switzerland,CH
662,Poland,PL,Netherlands,NL
646,Czech Republic,CZ,Netherlands,NL
644,Other European countries,LI,Switzerland,CH
644,Netherlands,NL,Other European countries,GR
637,Other European countries,AT,Other European countries,SI
634,Other European countries,AT,Czech Republic,CZ
628,Poland,PL,Other European countries,BY
620,Spain,ES,Belgium,BE
612,Other European countries,RS,Other European countries,BA
608,Other European countries,IE,Other European countries,UA
605,Czech Republic,CZ,France,FR
605,Other European countries,DK,Belgium,BE
598,United Kingdom,GB,Other European countries,BG
582,Other European countries,FI,Germany,DE
571,Germany,DE,Other European countries,LU
571,Other European countries,SK,Other European countries,SI
569,Other European countries,TR,Other European countries,RU
564,Switzerland,CH,Other European countries,SK
562,Netherlands,NL,Other European countries,RU
556,Other European countries,RS,Other European countries,HR
555,Other European countries,LU,Germany,DE
553,Belgium,BE,Hungary,HU
553,Netherlands,NL,Hungary,HU
552,Other European countries,RS,Other European countries,SI
550,Other European countries,RO,Other European countries,MD
548,Switzerland,CH,Poland,PL
547,Other European countries,CY,Other European countries,IL
539,Czech Republic,CZ,Other European countries,SI
531,Other European countries,UA,Other European countries,BY
521,France,FR,Poland,PL
521,Netherlands,NL,United Kingdom,GB
518,Spain,ES,Other European countries,EE
508,United Kingdom,GB,Other European countries,RU
506,Other European countries,NO,Poland,PL
505,Hungary,HU,Germany,DE
505,Other European countries,LI,Germany,DE
495,Other European countries,GR,Other European countries,CY
491,United Kingdom,GB,Other European countries,NO
489,Other European countries,PT,United Kingdom,GB
486,Germany,DE,Other European countries,AZ
483,Germany,DE,Other European countries,GR
478,Other European countries,FI,Other European countries,LV
478,Other European countries,FI,Other European countries,UA
478,Other European countries,SE,France,FR
475,France,FR,Hungary,HU
474,Spain,ES,Other European countries,IE
473,Other European countries,BY,Other European countries,UA
472,Poland,PL,Other European countries,LT
470,Poland,PL,Belgium,BE
468,Netherlands,NL,Other European countries,UA
464,Other European countries,HR,Other European countries,BA
463,Spain,ES,Other European countries,FI
459,United Kingdom,GB,Switzerland,CH
447,Other European countries,IT,Other European countries,AT
446,Other European countries,UA,Poland,PL
445,Belgium,BE,Other European countries,GR
444,Other European countries,EE,Other European countries,RU
441,Other European countries,AT,Other European countries,IT
430,Other European countries,SK,Germany,DE
429,Belgium,BE,Other European countries,IT
422,Other European countries,SE,Hungary,HU
420,Other European countries,IT,Other European countries,RU
419,Germany,DE,Other European countries,IE
418,Spain,ES,Other European countries,AT
418,Other European countries,FI,Other European countries,RU
415,United Kingdom,GB,Hungary,HU
415,Hungary,HU,France,FR
415,Other European countries,LU,Belgium,BE
413,Switzerland,CH,Other European countries,FI
413,Germany,DE,Other European countries,DK
409,Other European countries,IE,Germany,DE
408,United Kingdom,GB,Other European countries,LT
406,Other European countries,SK,Other European countries,UA
404,United Kingdom,GB,Other European countries,TR
401,France,FR,Other European countries,LU
399,Spain,ES,Other European countries,IL
392,Germany,DE,Other European countries,PT
391,Other European countries,AT,Other European countries,UA
390,Other European countries,DK,Spain,ES
390,France,FR,Other European countries,FI
389,Other European countries,LU,France,FR
389,Netherlands,NL,Poland,PL
388,Poland,PL,Other European countries,RU
385,Germany,DE,Other European countries,SE
384,Czech Republic,CZ,Other European countries,RU
383,Other European countries,FI,Switzerland,CH
376,Hungary,HU,Other European countries,RU
376,Other European countries,SK,Other European countries,RU
373,Belgium,BE,Poland,PL
372,Other European countries,DK,Other European countries,IT
370,Poland,PL,United Kingdom,GB
370,Other European countries,SI,Other European countries,RU
369,Other European countries,IE,Netherlands,NL
369,Other European countries,SE,Other European countries,EE
366,Other European countries,IE,Poland,PL
365,Hungary,HU,Other European countries,IT
362,Switzerland,CH,Other European countries,LT
362,Poland,PL,France,FR
359,Germany,DE,Spain,ES
358,Other European countries,BA,Other European countries,HR
358,Other European countries,RS,Other European countries,RU
358,Other European countries,UA,Other European countries,AM
355,Other European countries,DK,Other European countries,LV
349,Other European countries,NO,Netherlands,NL
346,Other European countries,LV,Poland,PL
345,Other European countries,BA,Hungary,HU
343,Switzerland,CH,Spain,ES
343,United Kingdom,GB,Belgium,BE
343,United Kingdom,GB,Other European countries,DK
341,Germany,DE,Other European countries,HR
340,France,FR,Other European countries,SE
339,Other European countries,EE,Other European countries,LT
334,Netherlands,NL,Other European countries,TR
332,Other European countries,SI,Other European countries,IT
330,Other European countries,IE,Spain,ES
327,Other European countries,AD,France,FR
324,Other European countries,FI,Other European countries,IT
320,Other European countries,DK,Hungary,HU
319,Other European countries,FI,Other European countries,AT
317,Czech Republic,CZ,Other European countries,DK
316,Hungary,HU,Other European countries,RO
314,Other European countries,AT,Switzerland,CH
313,Czech Republic,CZ,United Kingdom,GB
311,Czech Republic,CZ,Other European countries,IT
310,Other European countries,SE,Netherlands,NL
307,Belgium,BE,Spain,ES
307,Other European countries,IT,Poland,PL
306,Other European countries,IE,France,FR
306,Other European countries,SI,Germany,DE
299,Germany,DE,Other European countries,TR
298,Germany,DE,Other European countries,RO
292,Other European countries,NO,Other European countries,FI
289,Other European countries,CY,Other European countries,RU
287,France,FR,Other European countries,RU
285,France,FR,Other European countries,RO
283,Switzerland,CH,Hungary,HU
282,Other European countries,IT,Spain,ES
281,Belgium,BE,Other European countries,RO
277,Other European countries,AM,Other European countries,RU
277,Other European countries,CY,Other European countries,GR
275,Netherlands,NL,Spain,ES
274,Other European countries,DK,Other European countries,UA
272,Poland,PL,Other European countries,SE
271,Other European countries,DK,Switzerland,CH
270,Spain,ES,Other European countries,AD
269,Other European countries,AT,Poland,PL
264,Other European countries,HR,Other European countries,AT
262,Other European countries,FI,Poland,PL
259,Other European countries,FI,Other European countries,DK
259,Poland,PL,Other European countries,IT
258,Other European countries,SE,Other European countries,PT
254,Spain,ES,Other European countries,GR
251,Czech Republic,CZ,Other European countries,SE
249,United Kingdom,GB,Other European countries,RO
247,France,FR,Other European countries,SK
245,Czech Republic,CZ,Other European countries,BY
239,Other European countries,SE,Other European countries,IT
238,Other European countries,IT,Other European countries,UA
238,Other European countries,MK,Other European countries,BG
237,Other European countries,PT,Germany,DE
237,Other European countries,RS,Other European countries,BG
233,Hungary,HU,Czech Republic,CZ
233,Poland,PL,Other European countries,AT
230,Other European countries,EE,Other European countries,UA
226,Germany,DE,Other European countries,IL
226,Hungary,HU,Other European countries,IL
226,Other European countries,NO,Hungary,HU
225,Belgium,BE,Other European countries,RU
224,Other European countries,EE,Poland,PL
224,Other European countries,UA,Other European countries,IL
220,United Kingdom,GB,Other European countries,IL
219,Other European countries,NO,Other European countries,LT
217,Netherlands,NL,Other European countries,SK
216,Other European countries,IT,Other European countries,SE
216,Other European countries,SK,Switzerland,CH
214,France,FR,Other European countries,DK
213,Switzerland,CH,Other European countries,PT
212,Netherlands,NL,Other European countries,DK
210,Other European countries,AT,Other European countries,RU
208,Other European countries,RS,Other European countries,RO
207,Other European countries,ME,Other European countries,RU
206,Hungary,HU,Other European countries,RS
205,Other European countries,SE,Other European countries,HR
204,France,FR,Other European countries,AT
204,Hungary,HU,Netherlands,NL
199,Spain,ES,Czech Republic,CZ
199,Other European countries,GE,Other European countries,RU
198,Other European countries,AT,Netherlands,NL
198,Other European countries,EE,Germany,DE
198,Other European countries,IT,United Kingdom,GB
197,Spain,ES,Other European countries,SI
197,Other European countries,FI,Spain,ES
197,Other European countries,FI,United Kingdom,GB
196,United Kingdom,GB,Czech Republic,CZ
195,Other European countries,AT,Other European countries,IE
194,Germany,DE,Other European countries,FI
194,Other European countries,DK,Other European countries,IL
192,Belgium,BE,Other European countries,DK
192,Other European countries,SE,Other European countries,LT
191,Belgium,BE,Switzerland,CH
189,France,FR,Other European countries,IE
188,Other European countries,XK,Other European countries,MK
187,Germany,DE,Other European countries,LV
187,France,FR,Other European countries,GR
187,Other European countries,RO,Other European countries,IT
186,Other European countries,EE,Other European countries,SE
185,Other European countries,BG,Other European countries,MK
185,Czech Republic,CZ,Belgium,BE
185,Other European countries,PT,France,FR
185,Other European countries,Other European countries,Poland,PL
184,Belgium,BE,Other European countries,LU
184,Other European countries,GE,Other European countries,AM
183,Germany,DE,Other European countries,SI
183,Other European countries,IE,Hungary,HU
183,Other European countries,LT,Other European countries,BY
182,Czech Republic,CZ,Spain,ES
182,France,FR,Other European countries,UA
182,Poland,PL,Other European countries,RO
180,Germany,DE,Other European countries,BG
180,Other European countries,GR,Other European countries,BG
180,Hungary,HU,Other European countries,HR
180,Poland,PL,Other European countries,DK
179,Other European countries,HR,Other European countries,UA
178,Other European countries,PT,Belgium,BE
178,Other European countries,Other European countries,Spain,ES
177,Spain,ES,Other European countries,SK
176,Other European countries,RO,Other European countries,RS
174,Other European countries,DK,Other European countries,EE
174,Other European countries,ME,Other European countries,RS
171,Other European countries,GE,Other European countries,BY
171,Other European countries,Other European countries,Other European countries,IT
165,Other European countries,SE,Other European countries,UA
164,Other European countries,SE,Other European countries,IS
164,Other European countries,SI,Other European countries,RS
163,Other European countries,LI,Other European countries,AT
163,Other European countries,NO,Other European countries,IT
160,Hungary,HU,Other European countries,SE
159,Other European countries,FI,Other European countries,TR
158,Other European countries,BG,Other European countries,GR
158,Czech Republic,CZ,Other European countries,FI
157,Other European countries,HR,Other European countries,RU
157,Netherlands,NL,Switzerland,CH
157,Other European countries,RS,Other European countries,GR
154,Other European countries,HR,Germany,DE
153,Switzerland,CH,Netherlands,NL
153,France,FR,Other European countries,TR
152,Other European countries,GR,Other European countries,RO
151,Other European countries,SE,Other European countries,LV
151,Other European countries,Other European countries,Other European countries,UA
150,Other European countries,LU,Netherlands,NL
146,Other European countries,SI,Other European countries,BA
145,Other European countries,Other European countries,Germany,DE
144,Other European countries,IT,Other European countries,FI
144,Other European countries,MT,Other European countries,IT
144,Other European countries,NO,Other European countries,IS
142,Other European countries,DK,Other European countries,IS
141,Other European countries,AT,Other European countries,LU
140,Hungary,HU,Spain,ES
140,Other European countries,MK,Other European countries,XK
139,Czech Republic,CZ,Switzerland,CH
139,Other European countries,GR,Other European countries,DK
137,Other European countries,SE,Switzerland,CH
135,Other European countries,DK,Czech Republic,CZ
135,United Kingdom,GB,Other European countries,FI
134,Other European countries,IT,Netherlands,NL
134,Other European countries,TR,Spain,ES
133,Other European countries,AT,Other European countries,RO
133,Belgium,BE,Other European countries,MD
133,United Kingdom,GB,Other European countries,AT
133,Other European countries,GR,Other European countries,FI
133,Poland,PL,Spain,ES
133,Other European countries,RU,Other European countries,AM
132,Poland,PL,Other European countries,IL
132,Poland,PL,Other European countries,LV
131,Other European countries,BA,Other European countries,AT
131,Other European countries,DK,Other European countries,AT
131,Hungary,HU,Other European countries,UA
130,Poland,PL,Other European countries,FI
130,Other European countries,PT,Poland,PL
129,United Kingdom,GB,Other European countries,CY
127,Netherlands,NL,Other European countries,AT
127,Other European countries,TR,Other European countries,BG
126,Belgium,BE,Other European countries,BG
126,Other European countries,IT,Belgium,BE
124,Other European countries,LV,Other European countries,FI
123,Switzerland,CH,Other European countries,LU
123,Other European countries,SE,Spain,ES
122,Other European countries,IE,Other European countries,RU
121,Other European countries,SK,Other European countries,IT
121,Other European countries,Other European countries,United Kingdom,GB
120,Other European countries,IS,Other European countries,DK
120,Netherlands,NL,Other European countries,SE
119,Other European countries,IS,Germany,DE
119,Other European countries,RS,Other European countries,MK
118,Other European countries,AZ,Other European countries,RU
118,Other European countries,DK,Other European countries,RU
117,Switzerland,CH,Other European countries,UA
115,Belgium,BE,Other European countries,SK
115,Other European countries,RO,Germany,DE
115,Other European countries,TR,United Kingdom,GB
113,Other European countries,LT,Other European countries,EE
112,Switzerland,CH,Other European countries,RO
112,Other European countries,IS,Other European countries,SE
111,United Kingdom,GB,Other European countries,SK
111,Other European countries,IE,Belgium,BE
111,Other European countries,IS,United Kingdom,GB
110,Other European countries,DK,Other European countries,IE
110,Hungary,HU,United Kingdom,GB
110,Other European countries,IE,Switzerland,CH
110,Other European countries,IE,Other European countries,IT
110,Other European countries,ME,Other European countries,BA
109,Switzerland,CH,Other European countries,TR
109,Other European countries,IE,Other European countries,SE
109,Other European countries,Other European countries,Hungary,HU
108,Other European countries,GR,France,FR
108,Other European countries,NO,Other European countries,UA
108,Other European countries,PT,Other European countries,UA
108,Other European countries,SK,France,FR
108,Other European countries,TR,Other European countries,RO
107,Other European countries,CY,Poland,PL
107,France,FR,Czech Republic,CZ
107,Other European countries,MD,Other European countries,RO
107,Other European countries,PT,Other European countries,IT
106,Switzerland,CH,Other European countries,SE
105,France,FR,Other European countries,NO
105,Other European countries,GR,Other European countries,AL
105,Other European countries,LV,Other European countries,IL
105,Other European countries,SM,Switzerland,CH
104,Hungary,HU,Other European countries,DK
104,Netherlands,NL,Czech Republic,CZ
104,Other European countries,SI,Poland,PL
103,Other European countries,IE,Czech Republic,CZ
103,Other European countries,RS,Other European countries,IT
101,Other European countries,GR,Germany,DE
99,Other European countries,AL,Other European countries,MK
99,Switzerland,CH,Other European countries,LI
99,Other European countries,EE,Other European countries,IT
98,Other European countries,IS,Poland,PL
98,Poland,PL,Other European countries,NO
97,Other European countries,IE,Other European countries,RO
97,Other European countries,LT,Other European countries,RU
97,Other European countries,SE,Czech Republic,CZ
96,Switzerland,CH,Other European countries,IL
96,Other European countries,IT,Other European countries,TR
95,Other European countries,TR,Netherlands,NL
93,Other European countries,IT,Other European countries,IE
92,Spain,ES,Other European countries,LV
92,Other European countries,LV,Other European countries,IT
91,Other European countries,AT,France,FR
91,Other European countries,IT,Other European countries,HR
91,Other European countries,SE,Belgium,BE
90,Belgium,BE,Other European countries,UA
90,Germany,DE,Other European countries,IS
90,Other European countries,Other European countries,Other European countries,RU
89,Other European countries,FI,Netherlands,NL
88,Other European countries,LT,France,FR
88,Other European countries,LU,Spain,ES
88,Other European countries,MK,Other European countries,RS
88,Other European countries,SI,Other European countries,UA
87,Other European countries,BY,Poland,PL
87,Germany,DE,Other European countries,SK
87,France,FR,Other European countries,BG
87,United Kingdom,GB,Other European countries,PT
87,Hungary,HU,Other European countries,FI
86,Other European countries,HR,France,FR
86,Other European countries,HR,Other European countries,IT
86,Netherlands,NL,Other European countries,FI
86,Other European countries,RO,Poland,PL
86,Other European countries,RS,Other European countries,ME
85,Switzerland,CH,Czech Republic,CZ
85,Other European countries,EE,United Kingdom,GB
85,Other European countries,IT,Czech Republic,CZ
85,Other European countries,IT,Other European countries,LT
85,Netherlands,NL,Other European countries,IL
84,Other European countries,BG,Other European countries,UA
84,Other European countries,IT,Other European countries,AL
84,Other European countries,NO,Switzerland,CH
84,Other European countries,RU,Other European countries,EE
83,Other European countries,RO,Other European countries,UA
82,Other European countries,LV,Other European countries,UA
81,Other European countries,IS,France,FR
81,Other European countries,LI,United Kingdom,GB
81,Other European countries,RO,France,FR
81,Other European countries,SI,Other European countries,SK
81,Other European countries,Other European countries,France,FR
80,Czech Republic,CZ,Other European countries,NO
80,Other European countries,IT,Other European countries,GR
80,Other European countries,SK,Other European countries,IE
79,Other European countries,DK,Other European countries,LT
79,Other European countries,EE,Switzerland,CH
79,Other European countries,GR,United Kingdom,GB
79,Other European countries,Other European countries,Other European countries,DK
78,Other European countries,BG,Hungary,HU
78,Other European countries,IT,Other European countries,SK
78,Other European countries,PT,Netherlands,NL
78,Other European countries,SE,Other European countries,AT
78,Other European countries,SE,Other European countries,RO
78,Other European countries,TR,Germany,DE
77,Other European countries,AT,Other European countries,FI
77,Other European countries,EE,Other European countries,DK
77,Other European countries,XK,Other European countries,AL
76,Switzerland,CH,Other European countries,SI
75,Switzerland,CH,Other European countries,RS
75,Hungary,HU,Belgium,BE
74,Other European countries,BA,Other European countries,SE
74,Belgium,BE,Other European countries,AT
74,Germany,DE,Other European countries,LT
73,Other European countries,FI,France,FR
73,Other European countries,IE,Other European countries,DK
73,Other European countries,RU,Other European countries,LV
73,Other European countries,UA,Other European countries,LV
72,United Kingdom,GB,Other European countries,GR
72,Other European countries,LU,United Kingdom,GB
72,Other European countries,MD,Other European countries,UA
71,Other European countries,LV,Germany,DE
71,Other European countries,LV,Other European countries,SE
70,Other European countries,DK,Other European countries,SI
70,Spain,ES,Other European countries,LT
70,Other European countries,GR,Other European countries,IT
69,United Kingdom,GB,Other European countries,LV
69,Other European countries,HR,Other European countries,RO
69,Other European countries,UA,Hungary,HU
68,Germany,DE,Other European countries,NO
68,Spain,ES,Other European countries,BG
68,Other European countries,GE,Other European countries,TR
68,Poland,PL,Other European countries,SI
68,Other European countries,Other European countries,Other European countries,FI
67,Other European countries,BA,Other European countries,ME
67,Other European countries,DK,Other European countries,SK
67,United Kingdom,GB,Other European countries,MD
67,Other European countries,GE,Other European countries,UA
67,Other European countries,IT,Other European countries,IL
67,Other European countries,LT,Germany,DE
67,Other European countries,NO,Other European countries,LV
67,Other European countries,Other European countries,Other European countries,RO
66,France,FR,Other European countries,XK
66,Other European countries,HR,Other European countries,XK
66,Other European countries,SK,Other European countries,RO
65,Other European countries,BG,Poland,PL
65,Switzerland,CH,Other European countries,NO
65,Other European countries,CY,Other European countries,SE
65,Other European countries,RS,Other European countries,AT
65,Other European countries,RS,Germany,DE
65,Other European countries,SK,Netherlands,NL
64,Other European countries,GR,Netherlands,NL
64,Other European countries,ME,Other European countries,UA
64,Poland,PL,Other European countries,IE
63,Switzerland,CH,Other European countries,DK
63,Switzerland,CH,Other European countries,LV
63,Other European countries,PT,Switzerland,CH
62,Other European countries,MK,Switzerland,CH
61,Czech Republic,CZ,Other European countries,HR
61,France,FR,Other European countries,SI
61,Other European countries,LI,France,FR
61,Other European countries,NO,Other European countries,RO
60,Germany,DE,Other European countries,RS
60,United Kingdom,GB,Other European countries,EE
60,Other European countries,LT,Other European countries,FI
60,Other European countries,NO,Spain,ES
60,Other European countries,RU,Netherlands,NL
59,Other European countries,IE,Other European countries,AT
59,Other European countries,MK,Other European countries,GR
59,Other European countries,RO,Other European countries,GR
58,Other European countries,BA,Other European countries,IT
58,Czech Republic,CZ,Other European countries,GR
58,Spain,ES,Other European countries,CY
58,Netherlands,NL,Other European countries,LU
58,Other European countries,SK,Other European countries,BG
58,Other European countries,SM,France,FR
58,Other European countries,UA,United Kingdom,GB
57,Other European countries,SM,Germany,DE
56,Other European countries,FI,Czech Republic,CZ
56,Other European countries,TR,Other European countries,CY
55,Other European countries,CY,Other European countries,RO
55,United Kingdom,GB,Other European countries,GE
55,Other European countries,TR,Other European countries,GE
55,Other European countries,TR,Other European countries,IT
54,Czech Republic,CZ,Other European countries,IL
54,Other European countries,IS,Other European countries,FI
54,Other European countries,LT,Other European countries,IT
54,Poland,PL,Other European countries,EE
54,Poland,PL,Other European countries,IS
54,Other European countries,Other European countries,Other European countries,NO
54,Other European countries,Other European countries,Other European countries,PT
53,Other European countries,AZ,Other European countries,FI
53,Other European countries,BA,Other European countries,RU
53,Belgium,BE,Other European countries,SE
53,Switzerland,CH,Other European countries,XK
53,Other European countries,LV,Other European countries,RU
52,Other European countries,AD,Other European countries,IT
52,Other European countries,IE,Other European countries,SK
52,Other European countries,RO,Netherlands,NL
52,Other European countries,UA,Other European countries,DK
52,Other European countries,Other European countries,Switzerland,CH
51,Other European countries,EE,France,FR
51,Spain,ES,Other European countries,TR
51,Other European countries,ME,Other European countries,IT
51,Other European countries,NO,Belgium,BE
51,Other European countries,SI,France,FR
51,Other European countries,SK,Other European countries,FI
51,Other European countries,Other European countries,Netherlands,NL
50,Other European countries,AZ,Other European countries,IT
50,Belgium,BE,Other European countries,PT
50,Other European countries,ME,Other European countries,HR
49,Other European countries,GR,Other European countries,SE
49,Other European countries,IS,Other European countries,IT
49,Other European countries,LU,Other European countries,IT
49,Other European countries,NO,Other European countries,EE
48,Other European countries,DK,Other European countries,GR
48,Other European countries,DK,Other European countries,RO
48,Other European countries,IT,Other European countries,CY
48,Other European countries,RS,Other European countries,XK
47,Belgium,BE,Other European countries,SI
47,Other European countries,CY,Other European countries,UA
47,Other European countries,ME,Hungary,HU
47,Other European countries,Other European countries,Other European countries,SI
46,Czech Republic,CZ,Other European countries,IE
46,Other European countries,IL,United Kingdom,GB
46,Other European countries,NO,Other European countries,SI
45,Belgium,BE,Other European countries,IE
45,Switzerland,CH,Other European countries,IE
45,Other European countries,IE,Other European countries,FI
45,Other European countries,LI,Other European countries,RU
45,Netherlands,NL,Other European countries,BA
44,Other European countries,GE,Germany,DE
44,Other European countries,IS,Belgium,BE
44,Other European countries,PT,Other European countries,FI
44,Other European countries,RO,Other European countries,TR
44,Other European countries,TR,Other European countries,EE
43,Other European countries,AL,Other European countries,XK
43,Other European countries,AT,Other European countries,HR
43,Belgium,BE,Other European countries,HR
43,Belgium,BE,Other European countries,TR
43,Other European countries,LU,Other European countries,AT
43,Other European countries,PT,Other European countries,EE
42,Belgium,BE,Other European countries,FI
42,Other European countries,IT,Other European countries,PT
42,Other European countries,LT,Other European countries,UA
42,Other European countries,NO,Other European countries,BG
42,Other European countries,Other European countries,Other European countries,SE
41,Other European countries,BG,Other European countries,IT
41,Other European countries,DK,Other European countries,TR
41,Other European countries,IL,Other European countries,RU
41,Other European countries,IL,Other European countries,UA
41,Other European countries,SK,Other European countries,LT
40,Other European countries,AT,Other European countries,SE
40,Other European countries,RS,Other European countries,UA
40,Other European countries,SK,Belgium,BE
40,Other European countries,Other European countries,Other European countries,LV
39,Other European countries,LU,Hungary,HU
39,Netherlands,NL,Other European countries,PT
38,Other European countries,BG,France,FR
38,Other European countries,CY,Germany,DE
38,Other European countries,CY,United Kingdom,GB
38,Other European countries,CY,Other European countries,IT
38,Other European countries,FI,Hungary,HU
38,France,FR,Other European countries,IL
38,France,FR,Other European countries,MD
38,Other European countries,GE,Poland,PL
38,Other European countries,IE,Other European countries,LT
38,Other European countries,LV,Spain,ES
37,Other European countries,AM,Other European countries,GE
37,Other European countries,BG,Belgium,BE
37,Other European countries,DK,Other European countries,CY
37,Hungary,HU,Other European countries,IE
37,Other European countries,LI,Other European countries,LU
37,Other European countries,LV,Netherlands,NL
37,Other European countries,NO,Other European countries,IE
37,Other European countries,SK,Other European countries,IL
37,Other European countries,SM,Spain,ES
37,Other European countries,Other European countries,Other European countries,EE
36,Other European countries,CY,Czech Republic,CZ
36,Other European countries,FI,Other European countries,GR
36,Netherlands,NL,Other European countries,AM
36,Netherlands,NL,Other European countries,MD
36,Other European countries,PT,Other European countries,RU
36,Other European countries,RU,Other European countries,DK
36,Other European countries,XK,Other European countries,BG
35,Other European countries,AL,Spain,ES
35,Other European countries,EE,Other European countries,AT
35,Other European countries,IE,Other European countries,SI
35,Other European countries,LI,Other European countries,IT
35,Netherlands,NL,Other European countries,BY
35,Other European countries,SI,Other European countries,FI
35,Other European countries,SI,Other European countries,IE
35,Other European countries,Other European countries,Other European countries,IE
34,Other European countries,EE,Other European countries,IL
34,Other European countries,LV,Other European countries,BY
34,Other European countries,NO,Other European countries,AT
34,Other European countries,RO,Belgium,BE
34,Other European countries,SI,Other European countries,BG
33,Other European countries,EE,Netherlands,NL
33,Other European countries,FI,Other European countries,IS
33,Other European countries,GR,Poland,PL
33,Other European countries,HR,Other European countries,SE
33,Other European countries,IT,Other European countries,EE
33,Other European countries,LI,Other European countries,FI
33,Other European countries,LI,Other European countries,GR
33,Other European countries,LU,Other European countries,RO
33,Other European countries,ME,Other European countries,AL
33,Other European countries,NO,Czech Republic,CZ
33,Poland,PL,Other European countries,CY
33,Other European countries,SE,Other European countries,RS
33,Other European countries,TR,Other European countries,UA
32,Other European countries,BA,Germany,DE
32,Switzerland,CH,Belgium,BE
32,Other European countries,CY,Netherlands,NL
32,Czech Republic,CZ,Other European countries,BG
32,Czech Republic,CZ,Other European countries,RO
32,Germany,DE,Other European countries,BA
32,Other European countries,FI,Other European countries,NO
32,Other European countries,MK,Other European countries,AL
32,Poland,PL,Switzerland,CH
32,Other European countries,RS,Belgium,BE
32,Other European countries,RS,France,FR
32,Other European countries,SE,Other European countries,RU
32,Other European countries,SM,Other European countries,LU
31,Other European countries,IT,Other European countries,MD
31,Other European countries,LV,France,FR
31,Other European countries,ME,Other European countries,XK
31,Other European countries,MT,Germany,DE
31,Netherlands,NL,Other European countries,IE
31,Poland,PL,Other European countries,HR
31,Other European countries,PT,Other European countries,SE
31,Other European countries,RU,France,FR
31,Other European countries,SE,Other European countries,SI
31,Other European countries,TR,Switzerland,CH
31,Other European countries,XK,Other European countries,RO
30,Other European countries,AT,Other European countries,RS
30,Other European countries,BG,Other European countries,FI
30,Spain,ES,Other European countries,RS
30,Other European countries,GR,Other European countries,MK
30,Other European countries,HR,Poland,PL
30,Netherlands,NL,Other European countries,NO
30,Other European countries,SK,Other European countries,HR
29,Czech Republic,CZ,Other European countries,LV
29,Other European countries,DK,Other European countries,HR
29,Other European countries,IS,Netherlands,NL
29,Other European countries,LI,Netherlands,NL
29,Other European countries,LU,Other European countries,BG
29,Other European countries,MK,Other European countries,RO
29,Other European countries,NO,Other European countries,GR
29,Other European countries,RO,United Kingdom,GB
29,Other European countries,SM,Poland,PL
28,Other European countries,AT,Belgium,BE
28,France,FR,Other European countries,EE
28,Other European countries,HR,Other European countries,BG
28,Poland,PL,Other European countries,GR
28,Other European countries,RO,Other European countries,NO
28,Other European countries,SE,Other European countries,IE
28,Other European countries,SI,Netherlands,NL
28,Other European countries,SK,United Kingdom,GB
28,Other European countries,UA,Other European countries,FI
28,Other European countries,UA,Other European countries,RO
28,Other European countries,Other European countries,Czech Republic,CZ
27,Other European countries,AD,Other European countries,RO
27,Other European countries,AL,Other European countries,IT
27,Other European countries,AT,Spain,ES
27,Other European countries,BY,United Kingdom,GB
27,Spain,ES,Other European countries,BY
27,Hungary,HU,Other European countries,BY
27,Other European countries,IE,Other European countries,LV
27,Other European countries,IE,Other European countries,MT
27,Other European countries,LU,Other European countries,RU
27,Other European countries,RU,Other European countries,FI
27,Other European countries,RU,Poland,PL
26,Other European countries,AD,Other European countries,EE
26,Other European countries,AM,Other European countries,IT
26,Other European countries,BG,Germany,DE
26,Spain,ES,Other European countries,MT
26,Other European countries,RO,Other European countries,IL
26,Other European countries,RU,Other European countries,IL
26,Other European countries,SE,Other European countries,GR
26,Other European countries,SK,Spain,ES
25,Belgium,BE,Czech Republic,CZ
25,Belgium,BE,Other European countries,MT
25,Other European countries,BG,Other European countries,RS
25,Other European countries,CY,France,FR
25,Czech Republic,CZ,Other European countries,LT
25,Other European countries,IE,Other European countries,PT
25,Other European countries,IS,Switzerland,CH
25,Other European countries,LT,United Kingdom,GB
24,Other European countries,BA,Belgium,BE
24,Other European countries,BA,Other European countries,MK
24,Other European countries,BA,Netherlands,NL
24,Belgium,BE,Other European countries,NO
24,Germany,DE,Other European countries,BY
24,Hungary,HU,Other European countries,EE
24,Other European countries,IE,Other European countries,BG
24,Other European countries,IS,Other European countries,RU
24,Other European countries,LI,Czech Republic,CZ
24,Other European countries,LU,Other European countries,GR
24,Other European countries,LU,Poland,PL
24,Other European countries,MK,Belgium,BE
24,Netherlands,NL,Other European countries,BG
24,Other European countries,PT,Other European countries,IE
24,Other European countries,Other European countries,Other European countries,IL
23,Other European countries,BY,Other European countries,LV
23,Other European countries,FI,Other European countries,IE
23,Other European countries,MK,Hungary,HU
23,Poland,PL,Other European countries,TR
23,Other European countries,RO,Other European countries,RU
23,Other European countries,SE,Other European countries,SK
23,Other European countries,TR,Hungary,HU
22,Other European countries,GR,Other European countries,UA
22,Other European countries,HR,Switzerland,CH
22,Other European countries,HR,Other European countries,MK
22,Other European countries,IL,Other European countries,SE
22,Other European countries,IT,Other European countries,MT
22,Other European countries,LU,Other European countries,EE
22,Other European countries,ME,France,FR
22,Other European countries,SK,Other European countries,RS
21,Other European countries,AL,France,FR
21,Other European countries,AT,United Kingdom,GB
21,Other European countries,AT,Other European countries,PT
21,Other European countries,BA,Other European countries,RO
21,Belgium,BE,Other European countries,GE
21,Other European countries,CY,Other European countries,BY
21,Other European countries,FI,Belgium,BE
21,France,FR,Other European countries,AD
21,United Kingdom,GB,Other European countries,RS
21,Other European countries,HR,Netherlands,NL
21,Hungary,HU,Other European countries,NO
21,Other European countries,IT,Other European countries,DK
21,Other European countries,LU,Other European countries,FI
21,Other European countries,NO,Other European countries,HR
21,Other European countries,RO,Switzerland,CH
20,Other European countries,AL,Other European countries,ME
20,Other European countries,BG,Spain,ES
20,Other European countries,CY,Other European countries,LV
20,Germany,DE,Other European countries,MT
20,France,FR,Other European countries,LV
20,Other European countries,IT,Other European countries,RS
20,Other European countries,LV,United Kingdom,GB
20,Other European countries,ME,Other European countries,MK
20,Other European countries,NO,Other European countries,MK
20,Other European countries,PT,Other European countries,AT
20,Other European countries,PT,Other European countries,TR
20,Other European countries,RO,Other European countries,AT
20,Other European countries,RU,Germany,DE
20,Other European countries,SE,Other European countries,MK
20,Other European countries,UA,Other European countries,MD
19,Other European countries,AL,Netherlands,NL
19,Belgium,BE,Other European countries,EE
19,Other European countries,BY,Netherlands,NL
19,Other European countries,DK,Other European countries,BY
19,France,FR,Other European countries,PT
19,Other European countries,GR,Czech Republic,CZ
19,Other European countries,HR,Other European countries,IE
19,Other European countries,LU,Other European countries,TR
19,Other European countries,MD,Germany,DE
19,Other European countries,ME,Switzerland,CH
19,Other European countries,ME,Other European countries,FI
19,Other European countries,NO,Other European countries,PT
19,Other European countries,SE,Other European countries,IL
19,Other European countries,SM,Other European countries,FI
19,Other European countries,SM,Hungary,HU
19,Other European countries,SM,Other European countries,SE
19,Other European countries,Other European countries,Other European countries,BY
19,Other European countries,XK,Hungary,HU
18,Other European countries,AT,Other European countries,BG
18,Other European countries,AZ,Other European countries,CY
18,Switzerland,CH,Other European countries,EE
18,Spain,ES,Other European countries,MD
18,Other European countries,FI,Other European countries,XK
18,France,FR,Other European countries,MT
18,Other European countries,GR,Other European countries,RU
18,Other European countries,LU,Other European countries,UA
18,Other European countries,MT,Other European countries,LU
18,Other European countries,MT,Other European countries,UA
18,Other European countries,SI,Czech Republic,CZ
17,Other European countries,AM,Germany,DE
17,Other European countries,CY,Other European countries,AM
17,Other European countries,CY,Hungary,HU
17,Other European countries,DK,Other European countries,BG
17,Spain,ES,Other European countries,LU
17,Other European countries,GR,Switzerland,CH
17,Other European countries,GR,Hungary,HU
17,Other European countries,HR,Other European countries,TR
17,Other European countries,MD,Other European countries,BY
17,Other European countries,NO,Other European countries,MT
17,Poland,PL,Other European countries,MT
17,Other European countries,SI,United Kingdom,GB
17,Other European countries,TR,Other European countries,BY
17,Other European countries,TR,Other European countries,LT
17,Other European countries,Other European countries,Other European countries,SK
16,Other European countries,AM,Other European countries,BY
16,Other European countries,AM,Other European countries,UA
16,Other European countries,AZ,Switzerland,CH
16,Other European countries,BG,Other European countries,RU
16,Switzerland,CH,Other European countries,HR
16,Other European countries,EE,Spain,ES
16,Other European countries,GR,Spain,ES
16,Other European countries,IE,Other European countries,AL
16,Other European countries,IT,Other European countries,BA
16,Other European countries,IT,Other European countries,BG
16,Other European countries,IT,Other European countries,LV
16,Other European countries,LT,Netherlands,NL
16,Other European countries,MK,Germany,DE
16,Netherlands,NL,Other European countries,LT
16,Other European countries,NO,Other European countries,LU
16,Other European countries,RS,Other European countries,SK
16,Other European countries,RU,Other European countries,MD
16,Other European countries,SE,Other European countries,TR
16,Other European countries,SI,Other European countries,GR
16,Other European countries,Other European countries,Other European countries,TR
15,Other European countries,AD,Other European countries,LU
15,Other European countries,AD,Other European countries,PT
15,Other European countries,AM,Other European countries,FI
15,Other European countries,AT,Other European countries,BA
15,Switzerland,CH,Other European countries,BG
15,Other European countries,CY,Other European countries,FI
15,Spain,ES,Other European countries,AM
15,Spain,ES,Other European countries,HR
15,France,FR,Other European countries,BY
15,United Kingdom,GB,Other European countries,MT
15,Other European countries,HR,Other European countries,FI
15,Other European countries,LT,Other European countries,AT
15,Other European countries,LV,Other European countries,DK
15,Other European countries,NO,Other European countries,RU
15,Other European countries,RO,Other European countries,SE
15,Other European countries,RS,Netherlands,NL
15,Other European countries,RU,Other European countries,IE
15,Other European countries,SI,Spain,ES
14,Other European countries,AD,Other European countries,FI
14,Other European countries,AD,Other European countries,LT
14,Other European countries,BG,Other European countries,EE
14,Other European countries,BG,Other European countries,TR
14,Germany,DE,Other European countries,MD
14,Other European countries,DK,Other European countries,LU
14,Other European countries,DK,Other European countries,PT
14,Hungary,HU,Other European countries,CY
14,Other European countries,ME,Germany,DE
14,Other European countries,NO,Other European countries,SK
14,Other European countries,PT,Hungary,HU
14,Other European countries,RS,Other European countries,SE
14,Other European countries,SI,Other European countries,XK
14,Other European countries,SK,Other European countries,SE
14,Other European countries,SM,United Kingdom,GB
13,Other European countries,AZ,Netherlands,NL
13,Germany,DE,Other European countries,EE
13,Other European countries,GR,Other European countries,LU
13,Other European countries,GR,Other European countries,TR
13,Other European countries,IE,Other European countries,IL
13,Other European countries,IS,Other European countries,NO
13,Other European countries,LU,Other European countries,SE
13,Other European countries,LV,Belgium,BE
13,Netherlands,NL,Other European countries,AZ
13,Other European countries,SE,Other European countries,LU
13,Other European countries,TR,Belgium,BE
13,Other European countries,TR,France,FR
13,Other European countries,TR,Other European countries,GR
13,Other European countries,TR,Other European countries,SE
12,Other European countries,AT,Other European countries,GR
12,Other European countries,BY,Spain,ES
12,Other European countries,EE,Other European countries,GR
12,Other European countries,GE,Netherlands,NL
12,Other European countries,GR,Other European countries,XK
12,Hungary,HU,Other European countries,AZ
12,Other European countries,LT,Other European countries,LU
12,Netherlands,NL,Other European countries,RS
12,Other European countries,RS,Poland,PL
12,Other European countries,SI,Other European countries,RO
12,Other European countries,SI,Other European countries,SE
12,Other European countries,SK,Other European countries,LU
12,Other European countries,TR,Other European countries,AZ
12,Other European countries,UA,Other European countries,NO
11,Other European countries,AD,United Kingdom,GB
11,Other European countries,AD,Poland,PL
11,Other European countries,AD,Other European countries,SE
11,Other European countries,AL,Other European countries,FI
11,Other European countries,AT,Other European countries,EE
11,Other European countries,BG,Other European countries,IL
11,Other European countries,BG,Other European countries,MT
11,Germany,DE,Other European countries,MK
11,Other European countries,EE,Other European countries,IE
11,Other European countries,EE,Other European countries,RO
11,Other European countries,IL,Other European countries,IE
11,Other European countries,ME,Other European countries,TR
11,Other European countries,MK,Other European countries,FI
11,Other European countries,PT,Other European countries,DK
11,Other European countries,RS,Switzerland,CH
11,Other European countries,RS,Other European countries,LV
11,Other European countries,SE,Other European countries,BY
11,Other European countries,SI,Switzerland,CH
11,Other European countries,XK,Other European countries,GR
10,Other European countries,AL,Switzerland,CH
10,Other European countries,BA,Other European countries,IE
10,Other European countries,BA,Other European countries,XK
10,Switzerland,CH,Other European countries,AL
10,Other European countries,EE,Other European countries,AZ
10,Other European countries,GE,Other European countries,FI
10,Other European countries,GE,Other European countries,IT
10,Other European countries,IS,Other European countries,IL
10,Other European countries,LV,Other European countries,LU
10,Other European countries,LV,Other European countries,NO
10,Other European countries,MD,Other European countries,AM
10,Other European countries,MT,France,FR
10,Other European countries,RO,Other European countries,FI
10,Other European countries,SI,Other European countries,TR
10,Other European countries,SK,Other European countries,BY
10,Other European countries,TR,Other European countries,FI
10,Other European countries,Other European countries,Other European countries,HR
10,Other European countries,XK,France,FR
10,Other European countries,XK,Netherlands,NL
9,Other European countries,AT,Other European countries,LV
9,Belgium,BE,Other European countries,AZ
9,Belgium,BE,Other European countries,CY
9,Belgium,BE,Other European countries,ME
9,Other European countries,DK,Other European countries,XK
9,Other European countries,EE,Other European countries,LU
9,France,FR,Other European countries,HR
9,France,FR,Other European countries,LT
9,Other European countries,GE,Belgium,BE
9,Other European countries,GR,Other European countries,IL
9,Hungary,HU,Switzerland,CH
9,Hungary,HU,Other European countries,IS
9,Other European countries,LI,Hungary,HU
9,Other European countries,LI,Other European countries,LT
9,Other European countries,LT,Other European countries,DK
9,Other European countries,MD,Poland,PL
9,Other European countries,MK,France,FR
9,Other European countries,MT,United Kingdom,GB
9,Other European countries,RS,United Kingdom,GB
9,Other European countries,TR,Other European countries,AL
9,Other European countries,TR,Other European countries,AT
9,Other European countries,UA,Other European countries,EE
9,Other European countries,Other European countries,Other European countries,AT
8,Other European countries,AM,Switzerland,CH
8,Other European countries,BA,Other European countries,FI
8,Other European countries,BG,Netherlands,NL
8,Other European countries,BG,Other European countries,XK
8,Switzerland,CH,Other European countries,AM
8,Switzerland,CH,Other European countries,CY
8,Czech Republic,CZ,Other European countries,LU
8,Other European countries,FI,Other European countries,LT
8,Other European countries,GR,Belgium,BE
8,Other European countries,HR,Czech Republic,CZ
8,Other European countries,LI,Belgium,BE
8,Other European countries,MD,Netherlands,NL
8,Other European countries,ME,Other European countries,SI
8,Other European countries,MT,Other European countries,GR
8,Other European countries,MT,Netherlands,NL
8,Other European countries,NO,Other European countries,BY
8,Other European countries,PT,Other European countries,LU
8,Other European countries,RS,Other European countries,BY
8,Other European countries,SM,Belgium,BE
8,Other European countries,UA,Other European countries,IT
7,Other European countries,AD,Other European countries,RU
7,Other European countries,AL,Germany,DE
7,Other European countries,AL,Other European countries,RO
7,Other European countries,AZ,United Kingdom,GB
7,Belgium,BE,Other European countries,LT
7,Other European countries,BG,Other European countries,AT
7,Switzerland,CH,Other European countries,AD
7,Other European countries,CY,Other European countries,LU
7,Other European countries,IE,Other European countries,IS
7,Other European countries,LI,Other European countries,DK
7,Other European countries,LT,Hungary,HU
7,Other European countries,LT,Other European countries,SE
7,Other European countries,ME,Netherlands,NL
7,Netherlands,NL,Other European countries,MK
7,Poland,PL,Other European countries,BG
7,Other European countries,RS,Other European countries,TR
7,Other European countries,RU,Other European countries,CY
7,Other European countries,SE,Other European countries,BG
7,Other European countries,SM,Other European countries,EE
7,Other European countries,UA,Czech Republic,CZ
7,Other European countries,UA,Germany,DE
7,Other European countries,Other European countries,Other European countries,BG
6,Other European countries,AM,Other European countries,IL
6,Other European countries,AT,Other European countries,TR
6,Other European countries,BA,Other European countries,DK
6,Other European countries,BA,Other European countries,LU
6,Belgium,BE,Other European countries,RS
6,Other European countries,BG,Other European countries,AL
6,Germany,DE,Other European countries,ME
6,Other European countries,EE,Hungary,HU
6,Other European countries,EE,Other European countries,TR
6,United Kingdom,GB,Other European countries,HR
6,Other European countries,HR,Other European countries,DK
6,Other European countries,IE,Other European countries,LU
6,Other European countries,IE,Other European countries,NO
6,Other European countries,IL,Hungary,HU
6,Other European countries,IL,Other European countries,RO
6,Other European countries,IT,Other European countries,BY
6,Other European countries,IT,Other European countries,LU
6,Other European countries,LT,Belgium,BE
6,Other European countries,LV,Hungary,HU
6,Other European countries,ME,Other European countries,SE
6,Other European countries,MK,Netherlands,NL
6,Other European countries,MT,Other European countries,SK
6,Other European countries,RO,Other European countries,LU
6,Other European countries,RS,Other European countries,LU
6,Other European countries,RU,Other European countries,SE
6,Other European countries,UA,Other European countries,AT
5,Other European countries,AL,Other European countries,RU
5,Other European countries,AM,Belgium,BE
5,Other European countries,AM,Netherlands,NL
5,Other European countries,AT,Other European countries,MT
5,Belgium,BE,Other European countries,IL
5,Czech Republic,CZ,Other European countries,MD
5,Germany,DE,Other European countries,GE
5,Other European countries,DK,Other European countries,MK
5,United Kingdom,GB,Other European countries,LU
5,Other European countries,GR,Other European countries,SK
5,Hungary,HU,Other European countries,GR
5,Other European countries,IE,Other European countries,MD
5,Other European countries,IL,Other European countries,BY
5,Other European countries,LU,Other European countries,PT
5,Other European countries,LV,Switzerland,CH
5,Other European countries,ME,United Kingdom,GB
5,Other European countries,MT,Other European countries,BG
5,Other European countries,MT,Poland,PL
4,Other European countries,AZ,Other European countries,TR
4,Other European countries,CY,Other European countries,AT
4,Other European countries,CY,Other European countries,BG
4,Other European countries,CY,Other European countries,LT
4,Czech Republic,CZ,Other European countries,ME
4,Czech Republic,CZ,Other European countries,TR
4,Other European countries,DK,Other European countries,BA
4,Other European countries,EE,Belgium,BE
4,Other European countries,FI,Other European countries,BG
4,France,FR,Other European countries,IS
4,Other European countries,GE,Other European countries,CY
4,Other European countries,GE,France,FR
4,Other European countries,GR,Other European countries,AT
4,Other European countries,HR,United Kingdom,GB
4,Hungary,HU,Other European countries,BG
4,Hungary,HU,Other European countries,LU
4,Other European countries,IT,Other European countries,MK
4,Other European countries,LU,Switzerland,CH
4,Other European countries,MT,Czech Republic,CZ
4,Netherlands,NL,Other European countries,HR
4,Netherlands,NL,Other European countries,XK
4,Other European countries,NO,Other European countries,RS
4,Poland,PL,Other European countries,LU
4,Other European countries,RO,Spain,ES
4,Other European countries,SI,Other European countries,LU
4,Other European countries,TR,Other European countries,LU
4,Other European countries,UA,Other European countries,LT
4,Other European countries,Other European countries,Belgium,BE
4,Other European countries,Other European countries,Other European countries,LT
4,Other European countries,Other European countries,Other European countries,RS
3,Other European countries,AD,Germany,DE
3,Other European countries,AD,Netherlands,NL
3,Other European countries,AT,Other European countries,IL
3,Belgium,BE,Other European countries,BY
3,Other European countries,CY,Other European countries,RS
3,Spain,ES,Other European countries,IS
3,Other European countries,FI,Other European countries,BY
3,Other European countries,FI,Other European countries,LU
3,Other European countries,FI,Other European countries,RO
3,France,FR,Other European countries,ME
3,United Kingdom,GB,Other European countries,MK
3,Other European countries,GE,Other European countries,AZ
3,Other European countries,IE,Other European countries,BY
3,Other European countries,IL,Poland,PL
3,Other European countries,MT,Other European countries,SE
3,Other European countries,PT,Other European countries,IL
3,Other European countries,RO,Other European countries,IE
3,Other European countries,RO,Other European countries,SI
3,Other European countries,SE,Other European countries,GE
3,Other European countries,SM,Other European countries,RU
3,Other European countries,TR,Other European countries,NO
3,Other European countries,UA,Other European countries,AZ
3,Other European countries,Other European countries,Other European countries,AM
3,Other European countries,Other European countries,Other European countries,MT
2,Other European countries,AM,France,FR
2,Other European countries,AT,Other European countries,AM
2,Belgium,BE,Other European countries,MK
2,Other European countries,BG,United Kingdom,GB
2,Other European countries,BG,Other European countries,SE
2,Other European countries,BY,Other European countries,LT
2,Switzerland,CH,Other European countries,BA
2,Other European countries,CY,Other European countries,EE
2,Czech Republic,CZ,Other European countries,AZ
2,Czech Republic,CZ,Other European countries,BA
2,Other European countries,EE,Other European countries,BY
2,Hungary,HU,Other European countries,TR
2,Other European countries,IL,Germany,DE
2,Other European countries,IL,Other European countries,FI
2,Other European countries,IL,Other European countries,LV
2,Other European countries,LI,Poland,PL
2,Other European countries,LI,Other European countries,RS
2,Other European countries,LV,Other European countries,AZ
2,Other European countries,MT,Belgium,BE
2,Netherlands,NL,Other European countries,AL
2,Other European countries,RU,Other European countries,GR
2,Other European countries,UA,Other European countries,TR
2,Other European countries,Other European countries,Other European countries,GR
2,Other European countries,XK,Other European countries,RS
1,Other European countries,AM,Other European countries,NO
1,Belgium,BE,Other European countries,IS
1,Other European countries,BG,Other European countries,MD
1,Switzerland,CH,Other European countries,MD
1,Switzerland,CH,Other European countries,ME
1,Switzerland,CH,Other European countries,MT
1,Germany,DE,Other European countries,AM
1,Other European countries,FI,Other European countries,SK
1,France,FR,Other European countries,BA
1,France,FR,Other European countries,MC
1,United Kingdom,GB,Other European countries,BY
1,United Kingdom,GB,Other European countries,ME
1,Hungary,HU,Other European countries,LT
1,Hungary,HU,Other European countries,PT
1,Other European countries,IE,Other European countries,HR
1,Other European countries,IL,Spain,ES
1,Other European countries,IT,Other European countries,ME
1,Other European countries,ME,Other European countries,AZ
1,Other European countries,MT,Other European countries,RU
1,Netherlands,NL,Other European countries,SI
1,Other European countries,RU,Other European countries,AZ
1,Other European countries,SE,Other European countries,BA
1,Other European countries,SK,Other European countries,GR
1,Other European countries,SM,Netherlands,NL
1,Other European countries,Other European countries,Other European countries,MD
